,X.MI,Y.MI,Z.MI,A.MI,C.MI,E.MI,D.MI,G.MI,I.MI,M.MI,P.MI,R.MI,S.MI,T.MI,U.MI
2019-01-03,-0.0085,0.0,0.00099,-0.00788,-0.01786,0.00039,0.00434,0.00275,-0.00263,-0.00082,0.00401,-0.01069,-0.02588,0.02002,-0.01422
2019-01-04,0.02584,-0.00482,0.01377,0.04256,-0.00451,0.01367,0.03549,0.01264,0.05016,0.05777,0.01221,0.04344,0.01904,0.01293,0.05787
2019-01-07,-0.01414,0.00241,0.02412,0.00915,0.06142,-0.00039,-0.00883,-0.00306,0.01677,-0.00181,-0.00141,0.02125,0.00882,-0.00396,0.02611
2019-01-08,0.00681,-0.00483,0.01043,0.00833,0.1752,0.00426,-0.00621,-0.00068,-0.01163,-0.00311,-0.00539,0.03041,0.00283,0.00436,-0.01655
2019-01-09,-0.0034,0.01203,-0.00094,0.02417,-0.00358,-0.00232,0.00916,0.00916,-0.00149,-0.00521,0.0099,0.02683,0.01792,-0.02056,0.00735
2019-01-10,0.01298,0.0,0.00094,0.00999,0.0107,0.01652,-0.00098,-0.00135,0.0072,0.00052,0.01314,-0.00352,-0.0106,0.00903,0.01206
2019-01-11,0.00224,-0.0048,-0.00283,-0.00846,0.01058,-0.00957,-0.00507,0.00842,-0.00496,0.01246,0.0025,0.00414,-0.00788,0.0004,0.00796
2019-01-14,0.00446,0.0048,-0.01142,0.00653,-0.05037,0.00192,-0.00353,0.00234,-0.01463,-0.01089,0.0047,-0.00414,-0.00226,0.002,-0.01926
2019-01-15,-0.00335,0.0,-0.01058,0.00931,-0.0037,0.00192,0.00916,0.002,-0.01259,-0.0013,-0.00442,0.01973,0.00565,0.00159,-0.03208
2019-01-16,0.00967,-0.01689,0.02295,0.00332,0.0,-0.00038,0.0021,0.01655,0.03662,0.02272,0.01839,0.00992,0.00562,0.02632,0.05661
2019-01-17,-0.0051,0.06134,0.00565,-0.01548,-0.03774,0.00421,-0.00435,0.00197,-0.00816,0.00128,0.00624,0.00262,-0.00505,0.02034,-0.00584
2019-01-18,0.02363,-0.02784,0.01214,0.03595,0.03031,0.01289,0.02706,0.00718,0.01234,0.00407,0.02482,-0.0002,0.01287,-0.07472,0.00772
2019-01-21,0.00043,-0.02381,-0.00559,-0.00079,-0.00749,0.00348,-0.00425,0.00163,0.00025,0.00279,0.00184,0.01,-0.02334,-0.02655,-0.00319
2019-01-22,-0.00796,0.01435,-0.00656,-0.00375,-0.02281,-0.00232,-0.00482,-0.00521,-0.00615,-0.0033,-0.00952,-0.02091,-0.01838,-0.06447,-0.02167
2019-01-23,-0.00131,0.08642,-0.00377,-0.00356,0.01527,-0.00776,-0.01111,0.00424,0.00615,0.00076,0.00926,-0.01618,0.00203,0.00537,0.01639
2019-01-24,0.00808,-0.00218,0.00939,0.01183,0.02985,0.00892,0.00696,-0.00195,-0.00541,0.00178,0.00237,0.02246,-0.00203,0.00999,0.00772
2019-01-25,0.00995,0.05315,0.00093,0.03011,0.0,0.00231,0.01076,0.00682,0.01784,0.01033,0.00993,-0.01076,0.0198,0.01577,0.03158
2019-01-28,-0.00984,-0.02728,-0.0075,-0.00744,0.00367,-0.00541,-0.00965,-0.00129,-0.00925,-0.01262,-0.0013,-0.02355,-0.01575,-0.00239,-0.02578
2019-01-29,0.00758,-0.02151,0.00936,-0.00345,-0.01105,0.01499,0.00622,0.00065,0.00147,-0.00765,-0.00313,0.00417,0.00144,-0.00174,-0.01239
2019-01-30,-0.00432,-0.01313,0.0,-0.0054,-0.01869,-0.00153,0.00837,0.00065,0.00608,0.00204,0.00157,0.01774,0.01516,0.01042,-0.00777
2019-01-31,-0.00391,0.02394,-0.00748,-0.00271,-0.0229,0.0061,0.011,-0.01041,-0.03265,-0.0306,-0.02055,0.10454,-0.00684,0.04848,-0.04079
2019-02-01,0.00974,-0.01735,-0.01228,0.02677,-0.01949,-0.0184,-0.0023,-0.00755,-0.01627,-0.02885,-0.02234,0.01825,0.00797,-0.00433,-0.02774
2019-02-04,-0.00097,-0.00659,0.00946,-0.01578,0.0,0.0027,0.00095,0.0046,-0.00051,-0.00625,0.02314,-0.00226,0.00085,0.01883,-0.01251
2019-02-05,0.01168,0.01963,0.00094,0.01125,-0.01188,-0.00193,0.01036,0.00458,0.01578,0.03326,0.01635,0.01707,0.0017,0.01868,0.02144
2019-02-06,-0.00288,-0.0065,0.01401,-0.02126,0.0,0.00193,-0.00537,-0.00589,0.02365,0.02114,0.00548,-0.00357,0.00395,0.00318,0.04271
2019-02-07,-0.01312,-0.00654,-0.01119,-0.04211,0.01188,-0.01008,-0.02218,-0.01189,-0.02788,-0.00336,-0.03065,-0.02581,-0.01133,-0.03267,-0.01935
2019-02-08,-0.01473,-0.01989,-0.00564,-0.03118,-0.01587,-0.00586,-0.00124,-0.00901,-0.00455,0.0044,0.00321,-0.00046,-0.00629,-0.03293,0.01001
2019-02-11,0.01473,0.0111,0.03704,0.00623,-0.01207,0.00742,0.00919,0.00502,0.01218,0.01739,0.01196,0.00549,0.01706,0.01743,0.01858
2019-02-12,0.00454,-0.02007,0.03747,0.02333,-0.00813,0.01122,0.00721,0.00565,0.0032,0.00506,0.01469,0.01405,0.03599,0.0027,0.02294
2019-02-13,0.00086,-0.00678,0.01564,0.01526,0.0202,0.00346,0.00675,0.0076,0.00348,0.01775,0.01011,-0.00316,0.03421,0.01627,0.02133
2019-02-14,-0.00637,-0.00911,-0.01827,-0.01445,-0.00803,-0.00077,-0.00513,-0.01159,-0.01451,-0.00621,-0.01193,-0.00362,-0.03367,-0.01399,-0.02226
2019-02-15,0.03189,-0.01383,0.01827,0.01763,0.01202,0.00459,0.02274,0.01422,0.03126,0.03504,0.01038,0.00857,0.00136,0.06205,0.05156
2019-02-18,-0.00738,0.02067,0.01455,-0.00119,-0.01202,0.00153,0.0037,0.00491,0.00875,0.00241,0.00361,0.00045,0.02041,0.03143,0.03105
2019-02-19,0.00801,0.03132,-0.00085,0.00417,-0.0081,-0.00344,0.00145,-0.00919,-0.00461,-0.00457,-0.00309,-0.00135,-0.00133,0.01163,-0.01409
2019-02-20,0.01002,-0.00442,0.01099,0.02926,0.00406,0.00115,0.00355,0.00395,0.00049,0.00361,-0.00284,-0.0027,-0.00775,0.00298,0.00123
2019-02-21,0.0059,-0.01561,0.01337,0.00096,-0.00813,0.00267,0.00118,-0.00033,-0.00806,-0.01015,0.00387,0.0036,-0.01787,-0.01612,-0.02804
2019-02-22,0.00268,0.02879,-0.01253,0.00403,0.0202,0.00608,0.00118,0.00459,0.00098,0.00267,0.00309,-0.0018,0.00136,0.01612,0.00234
2019-02-25,0.00411,-0.00877,0.00168,0.02045,0.00399,-0.00228,-0.00498,0.01041,0.0206,0.01252,0.0041,0.00941,0.00571,-0.00335,0.02884
2019-02-26,0.0,0.02823,-0.00168,-0.0015,0.00398,0.0087,-0.00013,0.00452,-0.00385,0.01543,0.01069,0.01285,0.01507,-0.01239,0.00017
2019-02-27,-0.00133,-0.02384,0.00336,-0.00867,0.00396,-0.00226,0.00079,0.00064,0.02614,0.01054,0.00025,-0.0084,-0.00294,0.00339,0.02122
2019-02-28,0.00287,0.01091,0.02645,-0.00227,0.0576,0.00377,-0.00369,0.01057,0.01744,0.02781,0.00379,0.00443,0.0008,0.00862,0.02128
2019-03-01,0.01059,-0.0153,-0.00819,0.0132,0.00743,-0.00113,-0.00848,0.00603,-0.00508,-0.02038,0.00076,0.01361,0.01567,-0.00674,0.0015
2019-03-04,0.00233,0.00659,0.01226,0.00206,-0.03774,-0.00188,0.00478,0.006,0.00347,0.00898,-0.00556,0.01041,-0.00423,0.00375,-0.00956
2019-03-05,0.0003,-0.00659,-0.00244,-0.01109,0.00766,0.00451,0.00489,-0.00063,-0.00185,0.0016,0.00455,-0.0013,-0.01816,0.02915,-0.00388
2019-03-06,0.00303,0.0,0.01616,-0.01313,-0.00382,0.01305,0.0063,0.00691,0.00944,0.0186,0.00202,-0.00737,0.00457,0.02655,0.00135
2019-03-07,-0.00769,-0.00221,-0.02269,-0.0327,0.0,0.01908,0.0,-0.01196,-0.02248,-0.01677,0.0005,-0.00174,-0.01568,-0.00675,-0.0307
2019-03-08,-0.00244,-0.00664,0.01141,-0.00934,0.00382,-0.00328,-0.02063,-0.00444,-0.00682,-0.01034,-0.01726,-0.00612,-0.0176,-0.00751,-0.02558
2019-03-11,0.00264,-0.00222,0.01208,0.01171,-0.02708,-0.00439,0.01024,0.00476,0.00869,0.01421,0.01145,0.0148,0.01896,-0.00721,0.02523
2019-03-12,-0.00254,0.00444,0.0008,0.00079,-0.0198,0.00694,0.00277,-0.00222,-0.0007,-0.00342,0.0048,-0.0026,-0.02035,-0.06117,-0.00472
2019-03-13,0.01103,0.0,0.00319,0.00531,0.01587,-0.00219,0.02475,0.00285,0.00862,0.01406,0.00252,-0.00521,0.06714,0.00652,0.01356
2019-03-14,0.00412,0.00883,0.00952,0.00157,0.0,0.00036,-0.00039,0.01226,0.00717,0.00427,0.00401,0.00824,-0.00443,0.01592,0.0127
2019-03-15,0.00888,-0.03808,-0.00952,0.01052,0.00784,-0.00329,0.00321,0.02071,0.01328,0.00782,0.01095,0.00732,0.00702,0.01382,0.0017
2019-03-18,-0.00678,0.03808,0.00239,-0.00837,-0.00784,0.00511,0.00996,0.00853,0.01534,0.02114,0.00863,-0.00215,-0.02121,0.0202,0.02737
2019-03-19,0.00155,-0.0022,0.00555,0.03042,-0.00394,0.00399,0.00923,-0.00121,0.00134,-0.00612,0.02544,0.00258,0.00764,-0.02689,0.01235
2019-03-20,-0.00305,-0.00221,0.00158,-0.01934,0.02344,0.00434,-0.0072,-0.00243,-0.00269,-0.01903,0.00952,-0.00947,-0.00897,-0.02419,-0.00772
2019-03-21,-0.00976,-0.00442,0.00158,-0.00155,0.01152,0.00647,0.00342,0.00334,-0.00675,0.00735,0.02319,0.00475,0.0,0.01368,-0.01746
2019-03-22,-0.00945,0.00442,-0.00871,-0.02014,0.0,0.00963,-0.00825,-0.00762,-0.02677,-0.00802,-0.00907,-0.01475,-0.01764,-0.00796,-0.04636
2019-03-25,0.00163,-0.02007,0.00159,0.00059,-0.01152,-0.00249,-0.00485,-0.00061,-0.00348,-0.00943,0.0035,0.01303,0.00404,0.00228,0.0014
2019-03-26,0.00559,0.00449,0.0,-0.00237,-0.01165,0.01449,-0.00051,-0.00061,-0.00256,0.00764,0.00395,0.01626,0.01308,0.00869,-0.01396
2019-03-27,0.00324,0.01336,0.01027,0.01102,0.01165,0.0021,-0.00167,0.0055,0.00767,0.0204,0.00023,0.00466,0.00053,0.0075,0.02704
2019-03-28,-0.00121,0.00221,-0.01345,-0.00255,-0.01949,-0.00491,-0.00708,-0.00213,0.00185,0.01091,-0.00348,-0.00296,-0.00771,0.01003,-0.01906
2019-03-29,-0.00843,0.0,0.00635,0.02289,0.00784,0.00316,0.01755,0.00699,0.00323,0.0052,0.0088,0.01263,0.02088,0.02447,0.00879
2019-04-01,0.0212,0.00221,0.01181,0.04206,0.00778,-0.0081,0.00481,0.01055,0.01577,0.00967,-0.00254,0.01082,0.02454,-0.0171,0.04232
2019-04-02,0.00622,-0.00442,-0.00707,0.00952,-0.02353,0.00053,-0.00253,-0.0024,-0.00341,-0.01443,0.003,0.00289,-0.00537,-0.01852,-0.00471
2019-04-03,0.01844,0.00881,0.03103,0.01105,-0.04463,0.00827,0.00719,0.0048,0.00883,0.00238,0.00804,0.0033,-0.00876,0.00967,0.02694
2019-04-04,0.00486,-0.0044,-0.00306,0.01253,-0.03806,-0.00228,-0.00935,-0.0006,0.00741,0.00583,-0.00069,0.00041,0.01413,-0.00297,-0.00658
2019-04-05,0.00194,0.00877,-0.00077,-0.00178,0.0422,-0.00018,0.00582,-0.0045,0.0,0.00665,0.00388,0.00164,-0.00153,-0.00335,-0.00696
2019-04-08,-0.00388,0.00653,-0.00077,-0.00411,-0.0083,-0.00317,-0.00215,0.0039,-0.00045,-0.0088,0.01695,-0.00205,-0.01467,-0.00598,-0.00936
2019-04-09,0.00024,-0.00435,-0.00154,-0.01242,0.01653,-0.00282,0.00467,-0.0036,0.00157,0.0,0.00358,-0.00536,-0.00286,0.00243,0.00268
2019-04-10,0.00388,0.01514,-0.00077,-0.00363,-0.00411,0.00282,0.00327,0.0021,-0.00673,0.00323,-0.00156,0.00372,-0.00339,-0.00581,-0.00925
2019-04-11,0.00747,0.00642,0.0069,0.00833,-0.025,-0.00583,-0.001,0.0024,0.00583,0.0143,0.00535,0.00041,0.04291,-0.01879,0.00539
2019-04-12,0.00024,0.03148,0.01441,0.02405,0.0,-0.00587,-0.00681,0.00626,0.02169,0.00802,-0.00178,0.00984,-0.01005,-0.01409,0.04116
2019-04-15,0.00551,0.18094,0.01346,-0.00547,0.02911,-0.00518,-0.00927,0.00534,0.00763,0.00587,0.01064,-0.01355,-0.00888,0.01409,0.00659
2019-04-16,0.01116,-0.06224,0.00519,0.01074,-0.00411,-0.01881,-0.01569,0.0056,0.0093,0.00417,-0.00753,0.007,-0.00357,0.00687,0.03154
2019-04-17,0.00846,-0.02791,-0.00593,0.01994,0.0,0.008,0.00026,0.0117,0.00836,-0.00292,0.05553,-0.00742,0.01522,-0.00764,0.00758
2019-04-18,0.0049,-0.02871,-0.00149,0.01702,-0.00826,0.00072,0.00013,-0.00905,-0.00406,-0.00859,0.00042,0.01803,-0.00632,-0.01546,-0.01709
2019-04-23,-0.0014,0.01923,0.00077,-0.00118,0.01237,-0.00109,0.02344,0.0,-0.00494,-0.01186,-0.00611,0.01165,0.0048,-0.02864,-0.01208
2019-04-24,-0.01008,-0.04879,-0.02014,-0.01002,0.02028,-0.00272,-0.01582,-0.00206,-0.02002,-0.00299,-0.02136,-0.00895,0.00101,-0.01718,-0.01881
2019-04-25,0.00564,0.0198,0.00935,-0.01427,-0.01212,0.00616,-0.00283,0.00294,0.00088,-0.00086,-0.00411,-0.00574,-0.00227,-0.0045,-0.00447
2019-04-26,0.00211,-0.00985,0.00077,0.01068,-0.00407,0.00845,-0.01063,0.0105,0.00351,0.00661,0.00303,-0.0066,-0.00608,0.02228,0.00133
2019-04-29,0.0028,0.02927,0.01842,-0.0036,0.00813,-0.00575,-0.01603,-0.00261,0.02036,0.01811,0.0131,0.0,-0.00458,0.0042,0.02374
2019-04-30,0.00023,0.00957,-0.00457,-0.00396,-0.01633,0.01537,0.00792,0.00609,0.00214,-0.01429,0.0144,-0.00124,0.02967,-0.0056,-0.00259
2019-05-02,0.00442,-0.0241,-0.0069,0.01558,-0.025,-0.01106,-0.01216,-0.00029,-0.00429,0.0057,-0.00739,-0.00124,-0.02636,-0.00543,0.00389
2019-05-03,-0.00372,-0.0098,0.00231,-0.00802,0.025,0.00322,0.00359,0.00087,-0.00215,-0.0057,0.0,-0.00666,0.01189,0.00823,-0.01236
2019-05-06,-0.01266,-0.01489,-0.03356,-0.01658,0.0,-0.0061,-0.01442,-0.00899,-0.0141,-0.01557,-0.00979,-0.01176,-0.03089,-0.0141,-0.03326
2019-05-07,0.03106,-0.01207,0.00238,-0.01315,-0.03348,0.00735,-0.02602,-0.0038,-0.02097,-0.01059,0.00746,0.03812,-0.00912,-0.01822,-0.03249
2019-05-08,0.00239,-0.00813,0.00316,0.01088,0.0,-0.00465,-0.00069,-0.00117,-0.01166,0.00369,-0.03215,0.02608,0.01119,-0.01961,-0.00122
2019-05-09,-0.05668,0.01217,-0.02477,-0.02689,0.00847,-0.01028,-0.01083,-0.01268,-0.02351,-0.02721,-0.01236,-0.01035,-0.02595,-0.01807,-0.02731
2019-05-10,0.00503,-0.01217,0.0,-0.03726,-0.01702,0.00578,-0.00406,0.00355,-0.00231,0.01282,-0.00089,-0.002,0.02776,0.00214,0.00734
2019-05-13,-0.01171,-0.0082,-0.01057,-0.02889,0.0,-0.00796,0.01088,-0.00593,-0.0194,-0.02333,-0.01162,-0.01821,-0.02617,-0.01989,-0.02842
2019-05-14,0.01442,-0.01451,0.0138,0.00953,0.02123,0.01227,0.01254,0.01447,0.015,0.00605,0.03034,0.03254,0.02539,-0.00943,-0.01703
2019-05-15,0.00659,-0.05802,-0.01299,0.02954,0.02079,-0.00018,-0.00591,-0.00411,-0.00864,-0.02855,-0.00635,0.01179,0.09392,-0.01757,-0.00675
2019-05-16,0.02286,0.04963,0.01379,-0.00684,-0.01242,0.00287,0.01585,0.00821,0.0241,0.02542,0.01287,0.00739,0.00937,0.03613,0.01696
2019-05-17,-0.00536,-0.01058,-0.00081,-0.00633,0.00416,0.00695,0.00608,-0.00732,-0.00597,-0.00629,-0.02257,-0.00311,-0.00702,0.00216,-0.02035
2019-05-20,-0.01279,0.04167,-0.00323,-0.03399,0.00826,0.01078,-0.00097,0.01204,0.00228,-0.00248,0.00883,-0.01489,-0.02268,-0.01173,-0.02174
2019-05-21,0.00789,0.04001,-0.00487,0.00789,-0.0166,0.01414,0.00856,0.00184,-0.00051,0.00609,0.00635,0.01411,0.02601,0.02225,-0.00309
2019-05-22,-0.00517,-0.0218,-0.00081,-0.02111,-0.01688,-0.00156,-0.00843,-0.00215,-0.01807,-0.0225,-0.01784,-0.00234,-0.02846,-0.02729,-0.01011
2019-05-23,-0.01217,-0.05563,-0.01393,-0.01019,0.0,-0.01433,-0.03515,-0.02109,-0.02008,-0.01179,-0.02612,-0.0102,-0.01082,-0.02941,-0.011
2019-05-24,0.00672,0.05763,0.00247,0.00221,0.02521,0.01901,0.00958,0.01986,0.00827,0.00348,0.01719,0.00903,0.01473,-0.00954,0.02285
2019-05-27,0.00742,-0.05129,0.00082,0.00336,0.0,-0.00311,0.00114,-0.01143,-0.00554,-0.00931,-0.00247,-0.00117,-0.01919,-0.00549,-0.02304
2019-05-28,-0.00519,-0.02128,-0.00826,0.00147,0.0,0.0,-0.00313,-0.00717,-0.01117,-0.00681,-0.0079,0.00934,0.00594,0.02022,-0.01453
2019-05-29,-0.01341,-0.01517,-0.00499,-0.0099,-0.00416,-0.02314,-0.02104,-0.0107,-0.0113,-0.01304,-0.02037,-0.01365,-0.01468,-0.00496,0.02201
2019-05-30,0.01168,0.02373,0.00499,0.00106,-0.00418,-0.01465,-0.00306,0.00568,-0.00032,-0.00143,0.01514,0.00548,-0.02743,-0.00544,-0.00314
2019-05-31,-0.01389,0.0106,-0.01,-0.01771,0.00418,0.00234,-0.00821,-0.01139,-0.01698,-0.01178,-0.00938,-0.00313,-0.0402,-0.00045,0.00196
2019-06-03,0.00171,-0.01488,0.00668,0.00322,0.0,0.00787,0.01752,-0.00223,-0.00426,-0.00582,0.00207,-0.00196,0.0008,-0.00342,-0.00512
2019-06-04,0.02008,0.00214,0.01404,0.04161,-0.00418,0.01678,0.01423,0.0133,0.02178,0.0176,0.02515,0.00196,0.00588,0.03629,0.02859
2019-06-05,-0.00394,0.00639,0.01304,-0.01472,0.00418,0.00297,-0.01076,-0.00821,-0.00872,0.00809,-0.00696,0.00936,0.02991,-0.00884,-0.03513
2019-06-06,-0.00074,-0.00213,-0.00243,0.0,-0.00418,0.01387,0.0023,0.00348,-0.01284,-0.00547,0.00539,0.01846,0.01513,-0.02018,-0.01118
2019-06-07,0.01008,-0.00855,0.00969,-0.00492,0.0,0.01453,0.00431,0.00253,0.0035,0.00499,0.01953,0.0125,0.02762,0.01417,0.00621
2019-06-10,-0.00147,0.00428,-0.00403,0.00763,-0.0084,-0.01075,0.00286,0.00785,0.00707,0.01506,0.0,0.01234,0.00986,0.03143,0.02191
2019-06-11,0.01291,0.0,0.00161,0.01211,0.00421,0.00343,0.00328,0.01027,0.00076,-0.00023,0.01331,0.01329,-0.00442,0.01076,0.00234
2019-06-12,-0.00024,0.0,-0.01298,-0.00982,-0.01695,0.00716,-0.01622,-0.00217,-0.01045,-0.00468,-0.00391,0.0033,-0.00345,-0.01141,-0.02126
2019-06-13,0.00459,0.0,0.00651,-0.00166,-0.00858,0.017,0.00606,0.00434,0.00763,0.00585,0.00478,-0.00146,-0.01218,0.00281,0.01462
2019-06-14,-0.0058,-0.00858,-0.01553,-0.01247,0.0043,0.0131,0.00287,-0.00279,-0.0025,-0.00515,0.00389,-0.00404,-0.00401,-0.01086,-0.00669
2019-06-17,0.01013,-0.00216,0.00082,-0.00243,-0.06654,0.00165,-0.00532,0.00618,-0.00349,-0.00023,-0.00519,0.0066,0.00676,0.0024,-0.00257
2019-06-18,0.01453,-0.0065,0.02117,0.02153,0.00913,0.02549,0.02041,0.01952,0.02289,0.02159,0.00756,0.03234,0.0324,0.02707,0.03711
2019-06-19,-0.00142,0.01938,0.00803,0.01834,0.00454,-0.0108,0.00465,0.00572,0.01788,0.01504,0.00879,-0.01138,0.00145,0.0076,0.01627
2019-06-20,0.00331,0.0,0.00478,0.00749,-0.00454,0.00324,0.00952,-0.00572,-0.00864,-0.00317,0.01525,0.02263,0.01246,0.01834,-0.00527
2019-06-21,0.00588,0.00213,0.00634,-0.00394,0.00905,0.00676,0.01713,0.00752,-0.00839,0.00769,-0.00021,0.00175,0.00428,0.03391,0.00226
2019-06-24,-0.004,-0.01501,0.02267,-0.03438,0.0,-0.00112,-0.00577,0.0006,-0.00011,0.0018,0.01759,-0.00105,-0.01097,-0.022,-0.0167
2019-06-25,-0.00094,-0.02404,-0.01401,-0.00409,-0.00905,-0.00386,-0.00566,-0.0045,-0.00342,-0.00518,-0.00695,-0.01089,-0.00433,-0.0082,-0.01757
2019-06-26,0.00071,0.01319,0.00078,0.01399,0.00454,-0.02053,0.0047,-0.00332,0.00502,0.02013,-0.00415,-0.01244,0.00481,-0.02226,0.02539
2019-06-27,-0.00733,-0.01762,0.01245,0.00021,0.08248,0.00148,-0.0029,-0.00302,0.00043,0.00662,0.00088,0.00713,-0.00336,0.00921,0.02049
2019-06-28,0.00403,0.00664,0.00155,0.0141,0.07232,0.00916,0.00963,0.00302,0.00181,-0.00286,0.01304,0.0141,0.0091,0.00104,0.00704
2019-07-01,0.01198,-0.00664,0.00077,0.00459,-0.01957,-0.00228,0.00233,0.00422,-0.00768,-0.01288,-0.00173,0.00872,0.01043,0.0054,-0.01508
2019-07-02,0.00745,0.0,0.00539,-0.0091,0.03876,0.02164,-0.00975,0.00809,0.00927,0.01133,0.02373,0.01379,0.00283,-0.00936,-0.01075
2019-07-03,0.00555,0.00222,0.02276,0.00614,-0.02308,0.02337,0.00482,0.01774,0.04957,0.02574,0.02339,0.01731,0.01355,0.02865,0.05424
2019-07-04,0.00115,0.00221,0.00822,0.00367,0.03442,0.00607,0.00534,0.00205,0.02256,0.01962,0.00617,-0.0027,0.00093,0.01212,0.04837
2019-07-05,-0.003,0.00442,-0.01047,-0.00694,0.01122,-0.00732,-0.00658,-0.00498,0.00296,-0.00487,-0.0037,-0.00609,-0.00978,-0.00382,-0.01205
2019-07-08,0.00438,0.0022,-0.0015,-0.00688,0.03291,0.00156,0.00712,0.00586,-0.00716,-0.00895,-0.00144,0.00677,-0.00047,-0.00728,-0.01782
2019-07-09,0.00253,-0.01774,-0.00832,-0.01579,-0.03663,-0.00016,-0.00712,0.00292,-0.00547,-0.00322,-0.00475,-0.00778,-0.02178,-0.00122,0.00317
2019-07-10,-0.00529,0.02431,0.00982,-0.01456,-0.03031,0.00265,0.01066,0.00262,0.01214,0.00941,0.00969,0.00846,-0.00096,0.00567,0.00718
2019-07-11,-0.00185,0.0,0.006,-0.01186,-0.0155,0.01299,0.00637,-0.00029,0.01199,-0.0017,-0.0099,-0.00371,0.00144,0.00101,0.01145
2019-07-12,-0.00301,-0.00219,-0.0015,-0.00669,-0.02372,-0.0091,0.00176,-0.00408,-0.00219,0.00085,0.00062,0.00101,0.00525,0.01184,-0.00484
2019-07-15,0.00923,-0.00659,0.00746,0.0069,0.00399,0.00634,-0.00772,0.00204,-0.00122,-0.00748,0.00434,0.00875,-0.00717,0.00259,-0.00888
2019-07-16,0.00229,0.0,0.00445,0.0075,0.03138,-0.00634,-0.00313,-0.00029,0.00657,0.01067,-0.0087,0.01331,0.00478,0.00159,0.02572
2019-07-17,-0.00597,-0.00442,-0.00966,-0.0131,-0.0274,0.00956,-0.01733,-0.00584,-0.00926,-0.00532,-0.00312,-0.0063,-0.00095,0.00298,-0.01304
2019-07-18,-0.00578,-0.00666,0.0,-0.01668,-0.016,0.00704,-0.00794,0.00088,0.00342,0.00256,-0.00209,-0.00534,0.00714,0.00237,0.00585
2019-07-19,-0.00186,-0.02025,-0.01127,-0.00055,-0.04537,-0.0422,-0.00561,-0.01059,-0.0207,-0.02108,-0.01751,-0.00604,-0.00809,-0.03009,-0.03725
2019-07-22,-0.00489,0.02025,-0.00378,0.00985,0.01258,0.02013,0.00673,0.00295,0.00174,0.00477,0.00446,0.00436,0.00524,-0.00122,-0.00339
2019-07-23,0.01044,-0.00895,-0.00076,0.05137,-0.00837,0.00016,0.00516,-0.00118,0.01162,0.01097,-0.00637,0.01132,-0.00524,0.01055,0.02611
2019-07-24,-0.00556,0.00672,0.00605,0.02149,0.0,0.00889,0.00167,0.00383,0.0,-0.0045,0.00192,-0.00664,0.00334,0.00543,-0.00314
2019-07-25,-0.01238,0.00223,-0.00605,-0.02253,-0.01695,-0.0132,-0.00445,-0.00679,-0.0074,0.00064,0.00784,-0.00669,0.00143,-0.00301,-0.0007
2019-07-26,0.00047,-0.00895,0.00152,0.00135,0.00426,-0.00594,-0.00084,0.00178,-0.00496,0.00215,-0.0072,-0.00302,0.0019,0.03965,-0.00755
2019-07-29,-0.00047,0.0,0.0,-0.00031,0.0,0.00578,-0.0063,0.00236,-0.0094,-0.00215,0.01916,-0.00642,-0.00285,0.01345,-0.02841
2019-07-30,-0.01635,-0.00676,-0.02299,-0.02366,0.00847,-0.0124,-0.01087,-0.01426,-0.01274,-0.02413,-0.02642,-0.0233,-0.0202,-0.03535,-0.03279
2019-07-31,0.00572,0.02679,0.00232,0.00042,0.01258,0.00485,0.00777,0.00775,-0.00285,-0.00375,0.0339,0.01001,-0.0812,0.00945,-0.00225
2019-08-01,0.00119,-0.01778,0.03794,-0.01139,-0.01258,0.00659,-0.00763,0.00089,0.02,0.00154,0.00989,0.02542,-0.00502,0.00371,0.0015
2019-08-02,-0.02232,0.01336,-0.00822,-0.02681,-0.01702,-0.00675,-0.02996,-0.01434,-0.02399,-0.0187,-0.01175,-0.04448,-0.02006,-0.02549,-0.02601
2019-08-05,-0.01639,0.0,-0.01361,-0.02936,0.02543,-0.01201,-0.01473,-0.01059,0.00775,-0.00722,-0.0161,-0.01445,-0.01607,-0.02288,-0.00328
2019-08-06,-0.00892,-0.00889,-0.00305,-0.02002,0.0,0.00163,-0.00715,-0.00641,-0.01186,-0.00887,-0.01594,-0.02008,-0.0011,-0.01009,-0.00853
2019-08-07,-0.0086,-0.00223,0.00305,0.00507,-0.01263,0.0,-0.0143,-0.00153,-0.01795,-0.01125,0.0153,0.01617,-0.00055,-0.00373,-0.0507
2019-08-08,0.0091,0.0,0.00909,0.00276,0.00844,0.00098,0.01803,0.00763,0.01836,0.00828,0.01632,0.01976,0.00685,0.01484,0.01423
2019-08-09,-0.01201,0.0,-0.05742,0.01367,-0.01695,-0.01708,-0.01818,-0.02745,-0.03697,-0.02693,-0.06916,-0.02119,-0.02126,-0.06029,-0.05263
2019-08-12,0.00592,-0.00448,0.0008,-0.04169,-0.0216,0.00463,-0.00167,0.00312,-0.02091,-0.00188,0.01172,0.01277,-0.00728,-0.00873,-0.01457
2019-08-13,0.01105,0.0,0.00159,0.01347,-0.02655,0.00231,0.0188,0.0056,0.0275,0.00517,0.02281,0.01191,0.007,-0.01169,0.03009
2019-08-14,-0.02883,0.0,-0.01687,-0.03072,0.0,-0.01142,-0.02398,-0.0131,-0.02229,-0.02349,-0.01799,-0.02396,-0.02487,-0.02039,-0.03811
2019-08-16,0.01135,0.01117,0.02085,-0.01134,0.01336,0.04491,-0.00474,0.00376,0.01953,0.02114,0.00979,-0.00107,-0.01906,0.00744,0.03643
2019-08-19,0.015,-0.01794,0.02431,0.01804,0.01319,0.01171,0.01779,0.01213,0.01696,0.01076,0.0284,0.01171,0.03186,0.02529,0.02405
2019-08-20,-0.00248,0.05502,0.00077,-0.00958,0.0087,-0.01953,-0.00984,0.00278,-0.00566,-0.00303,-0.00697,-0.01529,0.00254,-0.02058,-0.02269
2019-08-21,0.00744,-0.00429,0.0222,0.00875,-0.0087,0.01306,0.01555,0.00951,0.01004,0.01505,0.0276,0.01599,0.01176,0.02014,0.00928
2019-08-22,-0.01292,0.00643,-0.00227,-0.00107,0.01302,-0.0054,-0.00285,-0.00336,0.00994,0.00755,-0.00351,-0.0142,-0.00811,0.00764,0.01259
2019-08-23,-0.00753,0.02114,-0.01683,-0.02601,-0.00432,-0.00975,-0.01285,-0.00954,-0.02008,-0.01147,-0.0277,-0.01332,-0.01499,-0.01578,-0.03145
2019-08-26,-0.0001,-0.02543,0.00845,0.01424,0.0,0.01705,0.00577,0.00124,0.01915,0.01238,0.00213,0.02009,0.00427,0.01448,0.01439
2019-08-27,0.00141,0.0,0.00838,0.00482,0.0,0.02635,0.00633,0.01502,0.00422,0.00341,0.00825,0.0294,0.01269,0.01556,0.01336
2019-08-28,-0.00941,0.03996,0.00076,0.00348,-0.01307,0.00031,0.00734,-0.01009,0.01042,0.00859,-0.01058,-0.01564,-0.01184,0.01299,0.01744
2019-08-29,0.01212,0.01636,0.00906,0.00633,-0.0044,0.01995,0.01614,0.00948,0.02255,0.0205,0.04596,0.00733,0.00565,0.02508,0.02851
2019-08-30,0.00401,0.00607,-0.01133,0.01759,0.01313,-0.00575,0.00454,0.00304,-0.01013,-0.00642,-0.00693,-0.00383,-0.0208,-0.00021,-0.01146
2019-09-02,0.00822,0.01798,0.00303,-0.00293,-0.01754,0.01296,0.00234,0.00212,0.00515,0.00642,0.01059,0.00453,0.01031,0.0033,0.00535
2019-09-03,-0.00982,-0.00496,0.00076,0.01097,0.00442,0.00015,-0.00805,0.00242,-0.0015,0.00572,0.00243,0.00658,-0.00228,0.00554,0.00079
2019-09-04,0.00584,0.00496,0.01577,0.01806,-0.0133,0.0085,0.00499,0.01738,0.01341,0.01545,0.01901,0.00517,0.01755,0.00795,0.02034
2019-09-05,0.00818,-0.00995,0.00446,0.03736,0.00889,-0.01089,0.01438,0.0124,0.01396,0.01946,-0.00397,0.00855,0.02958,-0.00163,0.03426
2019-09-06,0.00713,-0.00803,0.0,-0.0065,0.00442,-0.00677,-0.00709,0.00351,0.00534,0.00233,0.00248,0.01151,-0.003,0.00971,-0.00544
2019-09-09,0.00976,-0.01626,0.01838,0.02499,-0.0133,-0.01139,0.01098,0.00554,0.01655,0.00506,0.0005,-0.01493,-0.00988,0.00642,0.02837
2019-09-10,0.00702,-0.01653,0.00218,0.01104,-0.01802,-0.00844,0.01285,-0.00145,0.01041,0.00733,-0.01701,-0.06167,-0.00415,0.00797,-0.00385
2019-09-11,0.00433,-0.01047,-0.00437,0.00828,0.0,-0.00742,-0.00199,0.00956,-0.00733,-0.00754,0.00403,0.00941,0.0222,0.01086,-0.01256
2019-09-12,0.0086,0.027,0.0,0.00632,0.0,0.0262,-0.01244,0.00918,0.00685,0.00503,0.01744,0.00252,-0.01364,0.00919,0.0206
2019-09-13,0.009,-0.0207,0.02309,0.01884,0.0,-0.00318,0.01031,-0.00143,0.02765,0.00937,0.00591,-0.00252,0.01364,0.01353,0.04207
2019-09-16,-0.00473,-0.0084,-0.01004,-0.00631,0.00905,-0.01683,0.01904,-0.00574,-0.0178,-0.00958,-0.01235,-0.01195,-0.0186,-0.00829,-0.01726
2019-09-17,-0.00451,-0.0106,0.00431,-0.01949,-0.00905,0.00539,-0.01138,-0.00288,-0.00867,-0.00419,-0.00859,0.01195,-0.02092,-0.01698,-0.03396
2019-09-18,0.00309,0.00426,0.00999,0.00137,0.00454,0.0202,0.01208,0.01005,0.00047,0.00712,0.01848,0.00539,0.0031,0.00999,0.00184
2019-09-19,0.00497,0.09897,0.00142,0.00148,-0.00454,-0.00528,0.00626,0.02176,0.01772,0.01182,-0.00791,-0.00036,-0.01187,0.02102,0.02249
2019-09-20,0.00306,-0.02927,-0.00712,-0.00095,0.01354,-0.00591,0.00953,-0.00224,0.00092,0.02766,0.00987,-0.00611,0.00341,-0.00268,0.00161
2019-09-23,-0.00377,-0.03424,-0.01802,-0.02871,0.0,0.01434,0.00127,0.00364,-0.01184,-0.00765,-0.01136,-0.0018,-0.03197,-0.01543,-0.03498
2019-09-24,-0.00711,-0.00823,0.0058,-0.01049,-0.01354,0.01444,-0.01024,-0.00252,-0.00492,0.00141,0.02065,-0.01016,-0.00234,-0.00039,-0.00819
2019-09-25,-0.00669,0.01842,-0.00944,-0.00783,0.00905,-0.00563,-0.00962,0.0053,0.00234,0.00563,-0.00586,-0.00512,-0.00323,0.00524,-0.01166
2019-09-26,0.01001,0.0141,0.00146,-0.00733,-0.01361,0.01504,0.00518,-0.00335,0.00374,0.01385,-0.00049,0.0142,0.01287,-0.00368,0.00754
2019-09-27,0.00213,-0.00803,0.00509,0.01087,0.00456,-0.00676,0.00858,-0.00224,0.00813,-0.01285,0.00489,0.014,-0.00993,0.0087,0.01398
2019-09-30,0.00966,-0.0081,-0.00073,0.0055,0.0,0.00953,-0.00142,-0.00449,0.00692,0.0044,0.01643,0.00923,-0.005,0.00729,0.00148
2019-10-01,-0.00541,-0.02678,-0.00073,-0.00848,0.0,-0.00498,-0.00386,-0.00225,-0.00947,-0.004,-0.014,-0.02034,-0.00532,-0.0023,-0.01209
2019-10-02,-0.0212,0.00832,-0.01316,-0.02113,-0.01373,-0.02195,-0.0308,-0.01677,-0.02871,-0.02804,-0.03171,-0.04009,-0.03408,-0.0553,-0.04145
2019-10-03,-0.00483,-0.00207,0.0,-0.00226,0.00917,-0.00451,-0.01098,0.00543,-0.00143,0.01209,0.00221,0.00785,0.00367,0.00525,-0.00567
2019-10-04,-0.00339,-0.01043,0.02111,-0.01403,-0.00458,0.01717,0.01009,0.00625,0.00215,-0.00449,-0.0006,0.01771,0.00153,0.00161,0.00098
2019-10-07,0.00605,-0.0042,0.00216,0.00664,0.0,0.01338,0.00794,0.00678,0.00595,0.00266,0.02816,-0.0011,-0.0052,0.01377,0.00761
2019-10-08,-0.0097,-0.00422,-0.00072,-0.00997,-0.0046,-0.01072,-0.00868,-0.00141,-0.01049,-0.00593,-0.01324,-0.0129,-0.02014,0.00415,-0.01173
2019-10-09,0.00656,-0.00636,-0.00072,0.02514,0.05382,0.00633,0.00486,0.00478,0.00835,0.00164,0.00836,0.00702,0.00717,0.03071,-0.00059
2019-10-10,0.00386,-0.0107,0.00431,0.02156,-0.02655,-0.00707,0.00601,0.00224,0.02163,0.01505,0.00342,0.00478,0.00496,0.01896,0.03899
2019-10-11,0.02406,0.01494,0.03036,0.03395,-0.0181,0.00486,0.01119,0.01085,0.01684,0.018,0.03169,0.02534,0.01504,0.00674,0.03351
2019-10-14,-0.00709,-0.00212,0.00831,0.00127,0.00909,-0.00309,-0.00667,-0.00555,-0.00275,0.00149,0.00142,0.0025,-0.00764,-0.00599,-0.00514
2019-10-15,0.01506,0.00212,0.00756,0.02267,0.01794,0.00867,0.00682,0.00776,0.01367,0.02057,0.01359,0.01451,0.01341,0.00934,0.03134
2019-10-16,-0.0007,0.00423,0.00818,0.01483,-0.01342,-0.00484,-0.00159,0.00028,0.01281,0.01109,-0.01454,0.01983,-0.01772,0.00297,0.0175
2019-10-17,0.01161,-0.00423,0.00811,0.0123,0.0,-0.00516,-0.00522,-0.00055,-0.00313,0.01428,0.01127,-0.01702,-0.00525,-0.00167,0.0021
2019-10-18,0.00553,0.00212,0.01205,-0.01619,0.0,-0.0003,0.00262,0.00523,0.00134,0.00377,0.00559,-0.01875,-0.00341,-0.00577,0.00558
2019-10-21,0.00869,0.0,0.00597,0.01386,-0.01818,0.00883,0.0042,0.00984,0.00825,-0.00283,0.00325,-0.00036,-0.00093,0.00391,0.02083
2019-10-22,0.00635,0.00422,0.00264,0.00555,0.01818,0.00146,0.00835,-0.00109,0.00972,-0.00284,0.01151,0.00357,-0.00531,0.0026,-0.00495
2019-10-23,0.00045,-0.00422,0.00198,0.01628,-0.00451,-0.01369,0.00842,0.00191,-0.0022,0.00943,0.00229,-0.02304,-0.00722,-0.00446,-0.00206
2019-10-24,0.00699,-0.01063,0.00394,0.03676,-0.00454,0.01589,0.00468,0.00054,0.00044,0.0098,0.00365,0.01769,-0.00221,-0.00842,-0.00464
2019-10-25,-0.00337,0.01063,0.00654,0.01478,0.0,0.00393,-0.00696,-0.00245,0.00066,0.0074,-0.0119,0.00357,0.01877,0.00188,-0.00622
2019-10-28,0.00225,-0.00424,0.00195,0.0075,-0.00456,-0.00233,-0.00729,0.00218,0.00264,-0.00092,0.00459,0.01346,0.041,0.0,0.00415
2019-10-29,-0.00315,0.0,-0.00065,-0.00093,-0.00458,0.00116,-0.00792,-0.00163,-0.00286,0.00368,-0.00183,-0.00106,-0.01227,-0.00376,0.01048
2019-10-30,-0.00656,0.08931,0.0013,-0.00939,0.00913,0.0045,-0.00945,-0.0071,-0.0104,-0.01856,0.00183,0.00316,0.0072,-0.01289,-0.01898
2019-10-31,-0.00478,-0.01961,-0.0013,-0.01043,0.0,0.00535,-0.00939,-0.0033,-0.00111,-0.00234,-0.00275,0.007,0.00179,0.00095,-0.01015
2019-11-01,-0.00046,0.00985,0.00325,0.00343,0.01802,-0.0013,0.00983,0.01094,0.01195,0.00795,0.01369,0.00695,0.0009,0.00114,0.01363
2019-11-04,0.01292,0.00976,-0.0013,0.0119,0.0133,0.00532,0.01951,0.00678,0.01441,0.0212,0.00588,0.06304,0.01363,0.00815,0.02095
2019-11-05,-0.00135,-0.01961,0.0013,0.00113,0.00877,-0.00836,0.0159,0.00485,0.01464,-0.0064,0.00674,-0.02701,0.00206,-0.00416,0.01635
2019-11-06,0.01278,-0.00496,0.01161,-0.01246,0.05107,-0.00159,-0.0024,0.00027,-0.00107,-0.01061,-0.01579,0.00033,0.01399,0.00095,0.01031
2019-11-07,0.00267,0.03903,0.0573,0.02086,-0.02948,-0.02154,0.00085,0.03358,0.00788,-0.01778,-0.01235,0.00233,0.01066,0.00736,0.05787
2019-11-08,-0.02724,-0.02421,0.01621,-0.0041,0.0,0.01674,0.00099,-0.0026,-0.00553,-0.01474,-0.00184,-0.00367,-0.00029,0.01159,-0.01542
2019-11-11,0.00524,0.00489,0.02761,0.00112,0.03774,-0.00087,-0.00381,0.00052,0.00596,0.0,0.01192,-0.00603,0.0,-0.0146,-0.00876
2019-11-12,-0.00615,-0.00489,0.01723,0.00539,0.00411,0.01777,0.00831,0.01603,0.00887,0.01992,0.0212,0.00637,0.002,0.01144,0.02012
2019-11-13,-0.00849,-0.00985,-0.02071,-0.00539,-0.0207,-0.00762,-0.00506,-0.0085,-0.01397,-0.00802,-0.00806,-0.00469,0.03953,-0.00056,-0.02204
2019-11-14,0.0023,0.00985,0.0,-0.04346,-0.01263,-0.00797,-0.00325,-0.00805,-0.00814,-0.00095,0.00225,0.00502,0.00027,0.00984,-0.00821
2019-11-15,0.00161,0.0,0.00232,-0.01077,0.0,-0.00189,0.00592,-0.00052,0.00515,0.00896,0.00179,0.00898,-0.01802,0.00516,0.00532
2019-11-18,-0.00069,0.00489,0.01475,-0.01939,0.0,0.00523,-0.00777,-0.00628,0.00512,0.01318,0.00535,-0.01199,-0.03184,0.00129,-0.00807
2019-11-19,0.00801,-0.03474,0.02659,0.01049,-0.00851,-0.00991,-0.00997,-0.01854,-0.00106,-0.00389,-0.01732,-0.00909,-0.00812,0.01277,0.00291
2019-11-20,-0.0064,-0.00608,0.02312,-0.00219,0.00426,-0.00381,0.003,-0.00321,-0.00107,-0.00293,0.00915,0.00909,0.00754,0.02382,-0.00113
2019-11-21,-0.00023,-0.00407,0.00223,0.01678,-0.01285,-0.00427,0.00214,0.0008,0.00383,0.00778,-0.01238,0.00501,-0.00203,0.02826,0.0087
2019-11-22,0.00435,0.04001,0.01381,0.01939,0.0,-0.0037,-0.00328,0.0,-0.00447,-0.00388,0.00827,-0.00367,0.00029,0.00498,-0.00241
2019-11-25,-0.00389,0.0,-0.00826,0.01695,0.10234,0.01325,0.00371,-0.00618,0.00383,-0.00292,0.00274,0.01494,0.01323,-0.00051,0.02853
2019-11-26,-0.00414,-0.00491,0.01754,-0.00872,-0.03565,0.00859,-0.00829,0.00806,-0.00447,0.00729,-0.00917,0.01472,0.01136,-0.00446,-0.00548
2019-11-27,0.00368,0.0,0.00326,-0.00057,-0.0081,0.00058,-0.00302,0.00027,-0.00621,-0.00437,-0.00647,0.00744,0.02896,-0.01281,-0.00551
2019-11-28,0.00092,0.01951,0.00809,-0.00881,0.0081,-0.00465,-0.0065,-0.00536,-0.00755,-0.00292,-0.01447,-0.01135,-0.01021,-0.00928,-0.01
2019-11-29,-0.00298,-0.00484,-0.00972,-0.01453,-0.00404,-0.00219,-0.00625,-0.0035,-0.00412,-0.0098,-0.00424,0.00033,0.00332,-0.0007,0.00223
2019-12-02,-0.01529,0.0,-0.00927,-0.02629,-0.02875,-0.0373,-0.01041,-0.01304,-0.01291,-0.0094,-0.03312,-0.03449,-0.02944,-0.0273,-0.01556
2019-12-03,-0.00234,-0.01467,-0.00274,-0.01493,-0.02532,0.01084,-0.0068,-0.00109,-0.01151,-0.00548,0.01068,0.01938,0.00057,-0.00308,-0.00454
2019-12-04,0.0107,0.00491,0.01147,0.00759,0.00851,0.00791,0.01268,0.00655,0.02028,0.00846,0.01295,0.00297,0.00227,0.01584,0.01899
2019-12-05,-0.00813,0.00489,0.00757,-0.00556,-0.01279,-0.00104,-0.00059,-0.00819,-0.00131,-0.00397,-0.01828,-0.00496,0.07118,-0.01005,-0.01348
2019-12-06,0.01068,0.00971,-0.00811,-0.0002,0.02123,0.0077,0.00919,-0.00165,0.01108,0.00298,0.00146,0.0,0.0079,-0.00072,0.02945
2019-12-09,0.00208,0.01439,-0.01864,-0.00274,0.00837,-0.01457,-0.01051,-0.00082,-0.00716,-0.01651,-0.01268,-0.01942,-0.03849,-0.01034,-0.00047
2019-12-10,-0.01322,0.01418,0.00276,-0.0093,-0.01681,0.00805,0.00293,0.00137,0.00304,0.01998,0.01414,0.00808,-0.00464,0.00364,0.00875
2019-12-11,0.00883,0.03687,0.00441,0.0171,0.0496,0.01093,-0.00543,0.00219,0.00303,-0.00347,-0.0112,-0.00067,-0.00577,0.0076,0.00016
2019-12-12,0.00944,-0.00454,0.00055,0.01244,-0.02449,0.00601,0.00426,0.00546,0.0178,0.00495,0.01651,0.00502,0.00522,0.0,0.03124
2019-12-13,0.01117,0.00905,-0.0044,0.00695,-0.01667,0.01147,-0.00338,-0.00109,-0.01047,-0.01904,-0.02092,-0.01514,0.0041,-0.0076,-0.01366
2019-12-16,0.00272,0.00449,0.01097,0.0075,0.0249,0.00216,0.00147,0.00788,0.00792,0.00662,0.00881,0.0044,0.01247,0.00706,0.01772
2019-12-17,0.00631,-0.02268,-0.00328,0.00471,0.0,0.01004,0.00571,0.00135,0.00701,0.00747,-0.0093,0.01108,-0.00486,0.00324,-0.00633
2019-12-18,-0.00495,0.00913,-0.0011,-0.01697,-0.00411,-0.004,0.00843,0.00351,0.00127,-0.00448,0.01271,0.00133,-0.00353,0.00628,0.00437
2019-12-19,-0.01067,0.0,-0.00439,-0.0112,-0.00412,0.00272,0.00202,-0.00432,0.0059,-0.0044,0.0,-0.001,0.0183,0.0,0.01493
2019-12-20,0.00705,0.00454,-0.0133,0.00382,0.00412,0.02886,0.0092,0.02562,0.01045,0.01036,0.01303,0.00765,0.01745,0.02611,-0.00252
2019-12-23,-0.00204,-0.02752,-0.00503,-0.00553,-0.00826,-0.00431,0.003,-0.01567,-0.00187,-0.00996,-0.01303,0.00726,-0.00526,-0.00192,-0.00896
2019-12-27,-0.00068,0.00464,0.00168,0.00653,0.0,-0.00517,-0.00114,-0.00429,-0.01914,-0.00905,-0.00487,-0.00066,-0.00927,-0.01955,-0.01678
2019-12-30,-0.00501,0.00462,-0.00899,-0.00744,-0.00416,-0.00929,-0.01106,-0.01108,-0.00276,-0.00872,-0.01228,-0.02734,-0.00266,-0.01019,-0.0075
2020-01-02,0.01473,0.0,0.00451,0.01024,0.03279,0.0196,0.01163,0.00623,0.01374,0.01878,0.00738,0.01109,0.01087,0.00556,0.03531
2020-01-03,-0.01564,0.0,-0.01358,-0.02282,-0.01217,-0.00014,0.00697,-0.00515,-0.01332,-0.00864,-0.01283,-0.00033,-0.01864,-0.00322,-0.01193
2020-01-06,-0.00504,-0.01392,-0.02073,-0.00481,-0.02062,0.00208,0.01478,-0.00736,-0.00405,-0.00912,-0.00868,-0.00873,-0.00269,-0.00919,-0.01863
2020-01-07,0.00367,-0.00939,0.00058,0.0098,0.0083,0.00055,0.00028,0.00736,0.00213,0.00285,0.02543,0.00404,0.00323,-0.00909,0.00594
2020-01-08,-0.00023,-0.00473,0.02299,0.00385,-0.01667,0.00552,-0.00799,-0.00109,-0.00299,0.00909,-0.01377,0.01864,0.01731,-0.02947,0.01269
2020-01-09,0.00979,0.00943,0.03517,0.00837,-0.00844,0.0048,-0.00466,0.00407,0.01528,0.00161,0.01573,0.00756,0.02374,-0.01021,0.01416
2020-01-10,0.00181,-0.02375,-0.0127,-0.00685,0.01681,0.01522,-0.00283,0.00378,-0.00719,-0.00604,-0.0044,0.02105,-0.01795,-0.00304,-0.00877
2020-01-13,-0.00658,-0.00482,-0.00725,-0.01497,-0.00418,-0.00229,-0.00426,-0.00758,-0.00681,-0.00547,-0.00589,-0.00225,-0.01055,-0.02431,-0.00824
2020-01-14,-0.00342,0.01439,-0.00899,-0.00659,0.0,0.0,-0.01189,0.00163,0.00256,0.0002,-0.00891,0.00385,-0.00292,0.00565,0.00809
2020-01-15,-0.00642,0.0,-0.01364,-0.02563,0.02479,0.00283,-0.00549,-0.01256,-0.01157,-0.01329,0.0005,-0.00674,-0.02396,-0.01783,-0.02632
2020-01-16,-0.0023,-0.01923,-0.00057,-0.00691,0.01217,0.02528,0.0065,0.00521,0.00108,0.01024,-0.00199,-0.00614,-0.00519,0.00788,0.00504
2020-01-17,0.00872,0.01446,0.01647,-0.00278,-0.01217,0.01487,0.00201,0.00246,0.00601,-0.00675,0.02361,0.01831,-0.00439,0.0047,0.00259
2020-01-20,0.01159,0.0,-0.0119,-0.00472,-0.01232,0.00842,-0.00245,-0.00191,-0.00773,-0.00741,0.00919,0.00095,-0.00193,-0.00176,-0.01765
2020-01-21,-0.0009,-0.03407,-0.01725,-0.00636,-0.02088,-0.00249,-0.01218,-0.00274,-0.00627,0.00289,0.00289,-0.01377,-0.00775,-0.00943,0.00571
2020-01-22,-0.00908,0.0,0.00463,-0.02177,0.0084,-0.00845,-0.01144,-0.0066,-0.01047,-0.01161,-0.01305,0.00931,-0.0123,-0.01431,-0.03317
2020-01-23,-0.0032,0.04359,0.0,-0.01774,-0.02973,0.00976,-0.0074,-0.01109,-0.00528,-0.00837,-0.00146,-0.00802,-0.01616,-0.01047,-0.00111
2020-01-24,0.00707,-0.00952,-0.00812,-0.00961,-0.01302,0.02578,0.00089,0.01137,0.0044,0.00503,0.03119,0.01089,-0.00143,0.02023,-0.00896
2020-01-27,-0.02183,-0.02421,-0.03074,-0.03081,0.00436,-0.01872,-0.02055,-0.02343,-0.01015,-0.02907,0.00471,-0.03764,-0.04508,-0.02165,-0.00872
2020-01-28,0.0175,0.01942,0.02197,0.0135,0.00434,0.0289,0.01519,0.02535,0.02215,0.03095,0.04099,0.03349,0.02542,0.02343,0.0245
2020-01-29,0.00886,0.01905,0.01226,0.00277,0.0,0.01383,-0.00824,0.00384,0.00627,-0.00754,-0.0077,0.0016,0.00175,0.0229,-0.00016
2020-01-30,-0.01367,0.09445,-0.02466,-0.01534,0.00862,0.00982,-0.02762,-0.01965,-0.01236,-0.02643,-0.01882,-0.01415,-0.01113,-0.0225,-0.02046
2020-01-31,-0.00922,-0.08506,-0.0314,-0.02011,-0.00862,-0.02923,-0.02095,-0.01663,-0.02028,-0.02715,-0.04163,-0.01238,-0.01694,-0.0375,-0.02469
2020-02-03,0.00439,-0.01887,0.00184,-0.00503,-0.01307,0.01403,-0.0038,0.0051,0.01744,0.02217,0.01486,0.01141,0.0021,-0.00991,0.01021
2020-02-04,0.01146,0.00475,0.01519,0.01383,-0.00881,0.00426,0.01402,0.01459,0.02869,0.01273,0.01886,-0.02328,0.02743,0.02013,0.03018
2020-02-05,0.01985,0.03264,0.00481,0.04004,0.01319,0.00871,0.01859,0.01053,0.04083,0.02539,0.00187,0.01711,-0.00584,-0.00469,0.01983
2020-02-06,0.01441,0.02715,-0.01086,0.00488,0.0087,0.00741,-0.00446,0.01042,0.00894,-0.01601,0.00651,0.00065,-0.00882,0.02522,0.07836
2020-02-07,0.00132,-0.01802,0.00846,-0.02708,0.0129,0.00576,-0.00495,0.00164,0.00182,0.02702,0.01014,-0.00163,-0.01908,-0.01445,0.00202
2020-02-10,-0.00066,0.03572,0.01077,0.00186,-0.01724,0.00281,-0.00981,0.00462,-0.00689,-0.00768,0.0,0.00065,-0.00392,-0.00852,0.00416
2020-02-11,0.00963,0.00438,0.00593,-0.00466,0.00866,-0.00085,0.01136,0.00298,0.00951,0.0054,0.01185,0.02162,-0.02416,0.01577,0.01493
2020-02-12,0.00174,0.0087,-0.00118,0.02352,-0.00866,-0.00747,0.01337,0.00432,0.01002,0.00269,-0.00545,0.01866,0.04093,0.01612,-0.00368
2020-02-13,-0.00218,-0.02188,-0.00356,-0.01388,0.0,0.00918,-0.00859,0.00134,0.001,0.00021,0.00046,-0.00566,-0.01497,0.03587,-0.00668
2020-02-14,0.0063,0.0,0.00415,-0.00452,0.00866,0.00849,-0.00742,0.00643,-0.001,-0.00809,-0.00274,0.00691,-0.00909,-0.014,-0.01017
2020-02-17,0.00432,0.03479,0.01177,0.01097,-0.00866,0.01404,0.01049,0.00293,0.01288,0.00395,-0.00137,0.02167,0.0163,0.00463,0.01883
2020-02-18,-0.00108,-0.0216,0.0174,-0.02452,-0.00873,0.00866,-0.0091,0.00027,0.02335,0.00124,0.03637,0.01036,-0.00993,-0.00135,-0.00638
2020-02-19,-0.0013,-0.00877,0.00573,0.00352,0.03871,0.01162,0.00217,0.00531,0.00135,0.00969,0.01488,0.01355,0.01143,0.0048,0.00511
2020-02-20,-0.01021,-0.02227,-0.02489,0.0323,-0.03871,-0.01565,-0.00294,-0.01521,-0.02076,-0.01655,-0.01974,-0.01841,-0.02176,-0.01389,-0.02973
2020-02-21,0.00501,-0.01818,-0.02794,-0.0323,-0.01325,0.0013,-0.0106,-0.00891,-0.01124,-0.01874,0.00089,-0.02686,-0.02506,0.03719,-0.0397
2020-02-24,-0.02777,-0.05178,-0.0545,-0.0659,-0.05951,-0.05027,-0.04782,-0.0555,-0.05923,-0.06179,-0.07346,-0.05466,-0.09318,-0.04049,-0.04214
2020-02-25,-0.03734,0.01439,-0.00895,-0.01146,0.03704,-0.02842,-0.0159,-0.00575,-0.01976,-0.00476,-0.01536,-0.00198,0.00412,-0.00508,-0.0182
2020-02-26,-0.00442,-0.0241,0.00321,0.00945,0.00454,0.01904,0.00732,-0.00405,0.02165,-0.00547,0.01964,-0.00565,0.01967,0.03447,0.01122
2020-02-27,-0.04333,0.00487,-0.02397,-0.01072,-0.01367,-0.00491,-0.02569,-0.02137,-0.03962,-0.02427,-0.04413,-0.03836,-0.03868,-0.00246,-0.04481
2020-02-28,-0.05707,-0.04366,-0.03537,-0.05957,-0.04216,-0.0439,-0.05238,-0.03861,-0.04012,-0.04278,-0.04783,-0.02063,-0.00245,-0.05239,-0.03943
2020-03-02,-0.00041,-0.01225,-0.01162,-0.00175,-0.04402,0.00841,-0.00359,-0.01737,-0.02861,-0.0358,-0.0373,-0.00283,-0.03743,-0.02778,-0.04503
2020-03-03,0.01453,0.01427,-0.00413,-0.00487,0.04402,0.01983,0.00018,0.0,-0.00822,-0.00915,0.03792,0.01512,-0.00182,-0.01763,-0.04336
2020-03-04,0.00486,0.00202,-0.00693,0.01439,-0.02913,0.05577,0.00287,0.00562,0.004,-0.01311,0.00704,-0.00911,-0.00584,0.00626,-0.0257
2020-03-05,-0.01323,-0.01629,-0.05206,-0.02612,0.0098,-0.0116,-0.01664,-0.02107,-0.03882,-0.04283,-0.02678,-0.01454,-0.05183,-0.04792,-0.01567
2020-03-06,-0.03323,-0.07902,-0.0237,-0.044,-0.06551,-0.03168,-0.06927,-0.03196,-0.03445,-0.02157,0.03028,-0.03601,-0.02222,-0.05909,-0.01812
2020-03-09,-0.08749,-0.08338,-0.07307,-0.12384,-0.059,-0.10478,-0.23385,-0.10216,-0.12207,-0.15558,-0.13928,-0.07936,-0.06598,-0.10072,-0.14438
2020-03-10,0.01229,0.04948,-0.1271,0.00275,0.03794,-0.05824,0.00799,-0.01538,-0.02382,-0.07116,-0.07104,0.00639,-0.05674,-0.06203,-0.03545
2020-03-11,-0.00941,0.02945,-0.01105,-0.006,0.04676,-0.02783,-0.01418,0.0,0.04037,0.028,0.00025,0.02867,0.01196,0.03873,0.02682
2020-03-12,-0.16341,-0.09844,-0.0988,-0.18751,-0.15035,-0.22123,-0.19982,-0.13871,-0.19581,-0.20686,-0.24885,-0.10825,-0.17186,-0.2042,-0.18947
2020-03-13,-0.00913,0.05975,0.10985,0.00372,-0.00889,0.07251,0.04726,0.02305,0.06074,0.06957,0.09318,0.06108,0.06115,0.07369,0.08761
2020-03-16,-0.10231,-0.01402,-0.10903,-0.10438,-0.16814,-0.02395,-0.06254,-0.06636,-0.10262,-0.12316,-0.03654,-0.00979,0.03575,-0.13123,-0.1344
2020-03-17,-0.007,0.0,-0.08835,0.07159,0.10042,0.04177,0.05601,-0.04019,0.03406,-0.02522,-0.00092,0.03345,-0.00333,0.10676,0.03883
2020-03-18,-0.08278,0.0117,-0.08179,-0.10693,0.00951,0.02929,-0.02537,-0.0438,-0.02993,-0.05977,-0.01959,0.01064,-0.04879,0.09478,-0.00143
2020-03-19,0.00612,0.01156,-0.01267,-0.0209,0.05821,-0.01024,0.03969,0.03315,0.01172,-0.00788,0.08195,0.02249,0.11154,0.04887,0.05151
2020-03-20,0.09768,0.01143,0.03707,0.03252,0.06899,0.01007,0.04602,0.01434,0.02782,0.01923,0.00318,0.00459,0.1108,-0.00771,0.07374
2020-03-23,-0.01462,0.01802,-0.00284,0.01915,0.01653,0.014,-0.00082,0.00046,-0.01139,0.02393,0.03402,-0.04528,0.0253,0.02635,-0.04235
2020-03-24,0.13512,0.02426,0.11409,0.21143,-0.0221,0.05521,0.13916,0.1049,0.08897,0.13025,0.06605,0.10168,0.07299,0.02947,0.09525
2020-03-25,0.03262,-0.0537,0.02958,0.01506,0.0221,-0.00174,0.04071,0.02852,0.02038,0.07604,0.00909,0.00934,0.02331,-0.02351,0.0081
2020-03-26,0.00614,0.01822,0.05355,0.00814,0.0,-0.00334,-0.00138,0.01673,0.00912,0.0269,0.04573,0.00925,-0.03242,-0.05091,-0.01554
2020-03-27,-0.01672,-0.00226,-0.03444,-0.06243,0.07118,-0.01995,-0.05838,-0.02277,-0.04029,-0.06342,-0.03085,-0.02583,-0.05688,-0.01259,-0.05483
2020-03-30,-0.01411,-0.02752,-0.05038,-0.02002,-0.05223,0.03684,0.04474,-0.00081,-0.0631,-0.0369,0.00812,0.0112,-0.02751,-0.00802,-0.07748
2020-03-31,0.03007,0.02299,-0.01537,0.01726,-0.02442,-0.00739,0.07043,0.00363,0.0119,0.0106,-0.02507,0.0171,-0.03652,0.03359,-0.01761
2020-04-01,-0.02377,0.0113,-0.00302,-0.0529,-0.06821,-0.04369,-0.00217,-0.02571,-0.03668,-0.00478,-0.04342,-0.03523,-0.02511,-0.00188,-0.04099
2020-04-02,-0.0059,-0.00676,0.00345,-0.02118,-0.02985,0.01261,0.06705,0.01924,0.00209,0.03379,0.05013,-0.00956,-0.00425,0.02024,-0.01188
2020-04-03,-0.01444,0.0,-0.01778,-0.03427,0.02099,-0.01244,-0.05355,-0.01183,-0.07854,-0.01833,0.00744,-0.06841,0.00255,0.00237,-0.03589
2020-04-06,0.05035,0.03774,0.03568,0.10207,0.01473,0.01163,-0.00107,0.02912,0.09263,0.06918,0.02647,0.04713,0.03339,0.03158,0.08314
2020-04-07,0.02975,-0.00218,0.05425,0.02686,0.04293,0.03756,0.01206,0.01895,0.00738,0.02,0.01432,0.02864,-0.00082,-0.01386,0.03362
2020-04-08,-0.01115,-0.02208,0.04402,0.01361,0.0028,-0.01422,-0.01421,0.0,-0.01357,0.0018,0.01485,0.03531,0.00574,-0.01957,-0.00491
2020-04-09,0.02363,-0.02029,0.04399,0.05417,-0.0169,0.02638,0.0014,0.00663,-0.0029,-0.00432,0.00338,-0.00461,0.02022,-0.02346,0.01668
2020-04-14,0.0238,0.01357,0.00183,-0.00608,0.03352,-0.00093,-0.01526,0.02038,-0.02722,-0.04276,0.00409,0.00603,0.00956,-0.00595,-0.04637
2020-04-15,-0.04631,-0.0045,-0.08685,-0.06188,-0.01662,-0.03794,-0.06594,-0.04158,-0.04197,-0.06778,-0.09213,-0.0276,-0.0446,-0.04184,-0.0697
2020-04-16,-0.00586,-0.00907,0.01189,0.00252,0.0221,0.00674,-0.01503,-0.01681,0.00871,-0.01074,0.00812,0.03814,-0.0142,-0.01253,0.00662
2020-04-17,0.02105,0.00455,0.03008,0.02942,0.01626,-0.00642,0.01561,0.01124,0.01169,0.01877,0.00416,0.03876,0.02163,-0.01153,0.02912
2020-04-20,0.01423,0.0,0.04791,-0.00227,0.05492,-0.00274,-0.01798,0.0,0.00493,0.01232,-0.01149,-0.01276,-0.00412,0.01153,0.10123
2020-04-21,-0.02347,-0.07289,-0.04873,-0.03419,-0.02839,-0.03067,-0.05784,-0.02956,-0.04662,-0.03599,-0.02151,-0.02082,-0.06047,-0.03529,-0.04553
2020-04-22,-0.00136,0.03593,0.03598,-0.00254,-0.00525,-0.00334,0.04759,0.01631,0.01369,-0.01319,0.01571,0.01876,-0.0394,-0.00446,0.01924
2020-04-23,-0.01071,-0.00472,0.02245,0.04492,0.0,-0.00991,0.01474,0.00805,0.03394,0.06173,-0.00663,0.00857,0.00456,0.03314,0.02673
2020-04-24,-0.02215,0.0,-0.00484,-0.03714,0.00525,-0.0044,-0.02655,-0.00765,-0.02977,-0.02488,-0.01609,-0.01721,-0.00638,-0.02749,-0.03121
2020-04-27,0.01952,0.01408,0.03713,0.04509,0.013,0.02841,0.01849,0.02986,0.03754,0.04725,0.06337,0.02027,0.02262,0.02228,0.04116
2020-04-28,0.04719,0.0,0.04656,0.03918,-0.013,0.01309,0.03277,0.0175,0.03659,0.03375,-0.00178,-0.00751,0.01068,-0.00087,0.03649
2020-04-29,0.03921,0.00233,0.03936,0.06057,0.04604,0.01932,0.03095,0.02513,0.02268,0.01682,0.02038,0.00308,0.01667,0.05587,0.02027
2020-04-30,-0.02459,0.0,-0.04562,-0.01524,0.06297,-0.00544,-0.0275,-0.02166,-0.03955,-0.04221,-0.03523,-0.02036,-0.01756,-0.00771,-0.04819
2020-05-04,-0.03591,0.00232,-0.04592,-0.05716,0.0,-0.03741,-0.05946,-0.0245,-0.03359,-0.01486,-0.03974,0.01454,-0.03975,-0.04699,-0.05784
2020-05-05,-0.00135,-0.00465,0.0,0.02711,0.01399,0.01339,0.05635,0.01833,0.05307,-0.00887,0.01519,-0.0062,0.0046,0.02406,0.00316
2020-05-06,-0.00331,-0.00937,-0.01515,-0.01066,-0.11,-0.00346,-0.03086,-0.01558,-0.02146,-0.00194,-0.0287,0.01305,-0.00368,-0.00853,-0.0083
2020-05-07,0.02029,-0.0214,0.01139,-0.00628,0.04793,0.01975,0.01567,0.00665,-0.01119,-0.00272,-0.01674,-0.00582,0.00276,-0.02193,-0.01588
2020-05-08,0.00561,0.02844,0.01126,0.04445,-0.03254,0.00194,0.00873,0.01202,0.00681,0.01084,0.02325,0.00548,0.00641,0.00929,0.01285
2020-05-11,-0.00766,0.00233,0.00093,-0.01583,0.01765,-0.01954,0.0,-0.0089,-0.00326,0.03294,0.02615,0.00816,-0.01471,0.00634,0.00531
2020-05-12,-0.02466,0.00233,0.04198,-0.00761,-0.01258,0.01063,0.00957,-0.00429,0.00806,-0.01614,0.02111,-0.01021,0.0,0.05612,0.00618
2020-05-13,-0.03463,0.00464,0.01772,-0.06892,0.00253,-0.01889,-0.02193,-0.01932,-0.01933,-0.0453,-0.04079,-0.01482,0.0,-0.00927,-0.03922
2020-05-14,-0.02702,-0.01869,-0.03302,-0.03723,-0.01271,-0.02451,-0.00129,-0.01242,-0.0072,-0.02832,-0.01843,-0.01258,-0.02247,-0.01881,-0.01829
2020-05-15,0.02047,0.01637,-0.02295,0.00522,0.00255,-0.02113,0.0007,0.01242,0.00014,-0.0047,-0.01711,0.01881,-0.01239,0.00751,-0.01136
2020-05-18,0.04642,-0.01167,0.03378,0.11063,0.00762,0.03463,0.06774,0.02901,0.19761,0.06689,0.03769,0.03559,0.04957,0.05211,0.05739
2020-05-19,0.02262,0.05924,-0.0063,0.00129,-0.00253,0.01217,-0.03204,-0.01788,-0.01485,-0.01855,-0.0078,-0.02734,-0.00091,-0.09025,-0.01362
2020-05-20,0.00586,-0.00443,0.00181,0.03069,0.01261,0.03499,0.00535,0.00532,0.00571,0.00273,0.00162,-0.00583,-0.04865,-0.08187,0.00599
2020-05-21,-0.01898,0.00885,0.02669,-0.02062,-0.00755,0.0124,-0.02486,-0.03022,-0.01188,-0.0141,-0.00622,-0.00449,-0.00096,0.0,-0.01233
2020-05-22,0.00902,0.0022,0.00088,-0.00111,-0.01783,0.01256,-0.00586,0.02327,0.01577,0.01992,0.00972,0.0151,-0.02527,0.00219,0.0425
2020-05-25,0.01793,-0.00441,0.00873,0.00888,-0.01554,0.01548,0.01047,-0.0037,0.00896,0.00347,0.03408,0.01756,0.01369,0.0167,0.00622
2020-05-26,0.03322,0.0,0.0198,0.0297,0.03085,0.00092,0.00169,0.02724,0.02947,0.0551,0.00492,0.0,0.07029,0.0131,0.04349
2020-05-27,0.02623,-0.03367,0.00933,0.08513,0.0,0.01069,0.02105,0.02025,0.02448,0.04003,0.01488,-0.01178,0.0117,0.0003,0.04574
2020-05-28,-0.01075,-0.00687,0.02337,-0.01517,0.00253,0.0308,0.00496,0.00431,0.01304,0.03681,0.0033,0.02772,0.15082,0.01412,0.03464
2020-05-29,-0.01683,0.00459,-0.01162,-0.03963,0.00252,0.01592,-0.04442,-0.02296,-0.00399,-0.01463,0.00178,0.00066,-0.03682,-0.00959,0.00013
2020-06-01,0.02066,0.0,-0.00838,0.0339,-0.00505,0.01396,0.02636,0.03192,0.01762,0.07777,0.00908,0.00164,-0.0032,0.02792,0.03083
2020-06-02,0.0241,0.00684,0.03637,0.03335,-0.01274,0.02693,0.05039,0.02981,0.02808,0.02133,0.01148,0.0023,0.03307,0.03143,0.01618
2020-06-03,0.082,0.01802,0.0113,0.04789,0.0102,0.04288,0.02566,0.04886,0.02923,0.05289,0.02983,0.0294,0.055,-0.00998,0.05036
2020-06-04,-0.00194,0.00889,0.03703,-0.02169,-0.04411,-0.00254,-0.0039,0.00429,0.01224,-0.00029,0.03154,-0.01185,-0.02675,0.00486,0.00766
2020-06-05,0.0391,-0.01112,0.04536,0.07194,0.00793,0.01235,0.05871,0.02677,0.04559,0.04548,0.0233,-0.00841,0.07958,0.03007,0.04635
2020-06-08,-0.0078,0.01112,0.02265,0.0114,-0.00528,-0.00013,0.01648,0.00243,0.01711,0.03075,0.02054,-0.01506,-0.0275,0.02677,0.03849
2020-06-09,-0.0176,-0.02011,-0.03905,-0.01873,0.00264,-0.00463,-0.03025,-0.01081,-0.04735,-0.03273,-0.03132,0.01148,-0.01006,-0.00649,-0.03782
2020-06-10,-0.01155,0.0,0.0,-0.01367,0.02604,-0.00399,-0.01569,-0.0209,-0.01017,-0.01821,-0.01159,0.00747,-0.0256,0.00811,-0.03361
2020-06-11,-0.03312,-0.02746,-0.07082,-0.08368,0.09554,-0.02494,-0.07291,-0.03942,-0.05109,-0.04342,-0.05415,-0.03658,-0.07616,-0.08564,-0.08195
2020-06-12,-0.01478,0.03645,0.01521,0.00182,-0.08024,0.00245,0.0007,-0.00037,0.00259,0.02048,0.01515,-0.00202,-0.00883,0.03542,-0.00113
2020-06-15,-0.00045,-0.00673,0.00396,-0.00098,0.02747,0.00231,-0.00082,-0.00149,0.00283,0.01458,0.00845,-0.00303,0.02391,-0.01972,-0.00594
2020-06-16,0.0298,0.00897,0.03269,0.03123,0.0,0.02733,0.04054,0.02213,0.04367,0.02488,0.02,0.02663,0.00471,0.07477,0.06414
2020-06-17,-0.0011,-0.00223,-0.01078,-0.00584,-0.00494,-0.0081,-0.00437,-0.00732,0.0027,-0.00481,-0.00449,-0.00858,0.01401,0.00161,-0.00238
2020-06-18,-0.00341,-0.02492,-0.00465,0.00828,-0.02506,-0.00427,-0.00688,-0.01257,-0.01062,0.01772,-0.00713,-0.00133,0.00154,-0.01889,-0.01899
2020-06-19,-0.00419,0.01367,0.01006,-0.00692,0.01511,0.01685,0.0044,0.01331,-0.00059,-0.02142,-0.02023,0.00661,0.03189,0.03481,0.00182
2020-06-22,-0.01089,0.0,-0.00308,-0.00245,0.00499,0.0,-0.00803,-0.01368,-0.00143,-0.02919,0.02039,0.00263,-0.01052,0.02614,-0.0017
2020-06-23,0.02253,0.00676,0.00922,0.00937,0.0,0.02738,0.01051,0.01478,0.01709,0.00468,0.01695,0.0163,0.00076,-0.00237,0.02232
2020-06-24,-0.02634,0.0,-0.04379,-0.06144,-0.01252,-0.02423,-0.04884,-0.02714,-0.02641,-0.05891,-0.04534,-0.03321,-0.04792,-0.04563,-0.04341
2020-06-25,0.0191,0.0,-0.0024,0.03266,-0.00505,0.0051,0.00106,0.00264,0.01074,0.00832,0.00711,0.00234,-0.01596,0.01372,-0.00198
2020-06-26,-0.02225,-0.01586,0.01036,-0.02407,0.00757,-0.00314,-0.00995,-0.0015,-0.01483,-0.04105,-0.02019,0.00996,-0.02526,-0.03833,-0.01804
2020-06-29,0.01784,-0.00229,0.00869,0.02435,0.01,0.01107,0.02679,0.01049,0.02499,0.04351,0.03001,0.0033,0.0188,0.02544,0.0433
2020-06-30,0.00507,0.0,0.00471,0.00264,-0.00499,-0.00597,-0.01578,0.00372,0.00094,-0.02167,-0.03079,-0.00033,-0.02459,-0.0354,-0.00863
2020-07-01,-0.00817,0.00457,-0.01657,-0.01256,0.0,0.00312,-0.00177,-0.00037,-0.00766,0.01182,0.00181,-0.00264,0.00662,0.002,-0.00933
2020-07-02,0.02906,-0.00457,0.04587,0.04798,0.0,0.03131,0.0285,0.02711,0.03613,0.04239,0.01916,0.02252,0.0204,0.0122,0.05469
2020-07-03,-0.0117,-0.00229,-0.02462,-0.01633,0.0,-0.00923,-0.00529,-0.00653,-0.00343,-0.00327,-0.01478,-0.00843,-0.02619,-0.01763,-0.01719
2020-07-06,0.0191,0.0,0.02386,0.02658,0.00499,0.00507,0.00964,0.01013,0.02566,0.00445,0.01605,0.01934,0.01154,0.03385,0.03683
2020-07-07,-0.01594,0.0,-0.00457,0.00436,-0.00499,0.00768,0.00705,-0.00941,-0.00313,0.00118,-0.00558,-0.00673,-0.00906,-0.03242,-0.00747
2020-07-08,-0.00261,0.03383,-0.01075,-0.00914,0.0198,0.01382,-0.01393,-0.01023,-0.0133,-0.01041,-0.00791,-0.00677,-0.01248,-0.00806,-0.00915
2020-07-09,-0.01238,-0.02469,-0.03217,-0.01207,0.0,-0.01872,-0.03082,-0.01629,-0.0182,-0.01718,-0.02385,0.00129,-0.01604,-0.01221,-0.03505
2020-07-10,0.00758,0.0113,0.02442,0.01521,-0.00491,0.01178,0.00685,0.00744,0.01956,0.02729,0.00862,0.01476,-0.01544,0.00786,0.0264
2020-07-13,0.01077,0.00448,0.01161,0.01149,0.03865,0.01139,0.01959,0.01069,0.00902,0.02426,0.01881,0.00982,0.01714,0.05722,0.02114
2020-07-14,0.00916,-0.02034,-0.00077,-0.00986,-0.01914,-0.01339,0.0141,0.00512,-0.00022,0.01718,-0.00384,-0.02071,-0.01714,0.01765,-0.00426
2020-07-15,0.00535,0.00456,0.01452,0.01909,0.00482,0.01916,0.00602,0.00763,0.01858,0.00142,0.00435,0.01248,0.01799,0.01044,0.01204
2020-07-16,0.0016,-0.00684,0.00076,-0.00628,-0.02433,0.01023,0.00666,0.00036,0.01368,0.00396,0.0028,-0.01506,0.00339,0.04276,0.00421
2020-07-17,-0.01459,0.0,0.00454,0.05311,0.00491,0.02086,-0.00926,-0.00945,-0.00414,-0.00651,-0.00946,-0.00518,0.0,-0.00332,0.00034
2020-07-20,,,,,,,,,,,,,,,0.00317
2020-07-21,,,,,,,,,,,,,,,0.01416
2020-07-22,0.00211,-0.01392,-0.00899,0.00318,-0.0099,-0.01646,-0.02518,-0.00502,-0.00457,0.01159,0.00893,-0.00473,-0.01696,-0.00517,0.001
2020-07-23,-0.01655,0.0093,-0.00907,0.03911,0.01971,-0.00735,-0.01225,-0.00939,-0.0145,-0.01744,-0.01599,0.00661,0.00256,-0.00468,-0.02505
2020-07-24,-0.01531,-0.04256,-0.01607,-0.02311,-0.01971,-0.02364,-0.00946,-0.01388,-0.01845,-0.01179,-0.0049,-0.0306,-0.00943,-0.00496,-0.00803
